subject,grade,year,jur,label,value,displayable
MAT,4,2013,XA,Atlanta,233.098261411454,1
MAT,4,2013,XB,Boston,236.873763990566,1
MAT,4,2013,XC,Chicago,230.500815801527,1
MAT,4,2013,XD,San Diego,240.880720171917,1
MAT,4,2013,XE,Duval County (FL),999,0
MAT,4,2013,XF,Fresno,219.685020694859,1
MAT,4,2013,XG,Guilford County (NC),999,0
MAT,4,2013,XH,Houston,235.895770669826,1
MAT,4,2013,XI,Miami-Dade,237.401893781009,1
MAT,4,2013,XJ,Jefferson County (KY),233.695562792725,1
MAT,4,2013,XK,Milwaukee,221.448833368965,1
MAT,4,2013,XL,Los Angeles,228.463311182172,1
MAT,4,2013,XM,Baltimore City,222.870648687453,1
MAT,4,2015,XA,Atlanta,228.087950862842,1
MAT,4,2015,XB,Boston,235.530490224864,1
MAT,4,2015,XC,Chicago,231.942949658617,1
MAT,4,2015,XD,San Diego,232.756387966228,1
MAT,4,2015,XE,Duval County (FL),242.795819805878,1
MAT,4,2015,XF,Fresno,217.679740324421,1
MAT,4,2015,XG,Guilford County (NC),999,0
MAT,4,2015,XH,Houston,238.707398509467,1
MAT,4,2015,XI,Miami-Dade,242.101765181464,1
MAT,4,2015,XJ,Jefferson County (KY),235.73618647922,1
MAT,4,2015,XK,Milwaukee,999,0
MAT,4,2015,XL,Los Angeles,224.179599276033,1
MAT,4,2015,XM,Baltimore City,214.955470708406,1
MAT,4,2017,XA,Atlanta,231.141713433789,1
MAT,4,2017,XB,Boston,233.334169291383,1
MAT,4,2017,XC,Chicago,231.807368221742,1
MAT,4,2017,XD,San Diego,237.446118204713,1
MAT,4,2017,XE,Duval County (FL),247.501400588803,1
MAT,4,2017,XF,Fresno,221.420880918602,1
MAT,4,2017,XG,Guilford County (NC),240.025166350474,1
MAT,4,2017,XH,Houston,235.252172607878,1
MAT,4,2017,XI,Miami-Dade,244.986590287593,1
MAT,4,2017,XJ,Jefferson County (KY),233.311937787895,1
MAT,4,2017,XK,Milwaukee,215.878390829106,1
MAT,4,2017,XL,Los Angeles,223.142941714711,1
MAT,4,2017,XM,Baltimore City,215.343817075606,1
MAT,4,2019,XA,Atlanta,231.559029932019,1
MAT,4,2019,XB,Boston,233.762546881707,1
MAT,4,2019,XC,Chicago,232.494268307733,1
MAT,4,2019,XD,San Diego,240.228781394071,1
MAT,4,2019,XE,Duval County (FL),244.154845816304,1
MAT,4,2019,XF,Fresno,223.986134736947,1
MAT,4,2019,XG,Guilford County (NC),236.108941994334,1
MAT,4,2019,XH,Houston,235.328825463302,1
MAT,4,2019,XI,Miami-Dade,245.820315417937,1
MAT,4,2019,XJ,Jefferson County (KY),232.355424760358,1
MAT,4,2019,XK,Milwaukee,215.263742026337,1
MAT,4,2019,XL,Los Angeles,223.625880996386,1
MAT,4,2019,XM,Baltimore City,216.487939034603,1
MAT,4,2022,XA,Atlanta,224.460524235496,1
MAT,4,2022,XB,Boston,226.80514450229,1
MAT,4,2022,XC,Chicago,222.201410549371,1
MAT,4,2022,XD,San Diego,232.026118010302,1
MAT,4,2022,XE,Duval County (FL),236.831063895321,1
MAT,4,2022,XF,Fresno,999,0
MAT,4,2022,XG,Guilford County (NC),228.944942756475,1
MAT,4,2022,XH,Houston,225.894266354377,1
MAT,4,2022,XI,Miami-Dade,240.551545520845,1
MAT,4,2022,XJ,Jefferson County (KY),224.03389444328,1
MAT,4,2022,XK,Milwaukee,206.057927046743,1
MAT,4,2022,XL,Los Angeles,219.906370802882,1
MAT,4,2022,XM,Baltimore City,201.049739310381,1
MAT,4,2024,XA,Atlanta,230.014572104268,1
MAT,4,2024,XB,Boston,232.011243040806,1
MAT,4,2024,XC,Chicago,223.363087264493,1
MAT,4,2024,XD,San Diego,238.636495844332,1
MAT,4,2024,XE,Duval County (FL),236.168433868837,1
MAT,4,2024,XF,Fresno,999,0
MAT,4,2024,XG,Guilford County (NC),237.43252426552,1
MAT,4,2024,XH,Houston,233.078474846002,1
MAT,4,2024,XI,Miami-Dade,246.47270637371,1
MAT,4,2024,XJ,Jefferson County (KY),227.636046194557,1
MAT,4,2024,XK,Milwaukee,205.258755315221,1
MAT,4,2024,XL,Los Angeles,225.948539111187,1
MAT,4,2024,XM,Baltimore City,209.432416754337,1
MAT,4,2013,XN,New York City,235.842179282898,1
MAT,4,2013,XO,Hillsborough County (FL),242.800370306295,1
MAT,4,2013,XP,Philadelphia,223.381809011513,1
MAT,4,2013,XQ,Albuquerque,234.533984164808,1
MAT,4,2013,XR,Detroit,204.253108310522,1
MAT,4,2013,XS,Dallas,234.222098867559,1
MAT,4,2013,XT,Charlotte,247.354553699298,1
MAT,4,2013,XU,Austin,244.967554417047,1
MAT,4,2013,XV,Cleveland,216.267634297571,1
MAT,4,2013,XW,District of Columbia (DCPS),228.614294913065,1
MAT,4,2013,XX,Clark County (NV),999,0
MAT,4,2013,XY,Denver,999,0
MAT,4,2013,XZ,Fort Worth (TX),999,0
MAT,4,2015,XN,New York City,231.026396368118,1
MAT,4,2015,XO,Hillsborough County (FL),243.611119960308,1
MAT,4,2015,XP,Philadelphia,217.454938359755,1
MAT,4,2015,XQ,Albuquerque,230.579212575684,1
MAT,4,2015,XR,Detroit,204.657190012488,1
MAT,4,2015,XS,Dallas,237.924142101658,1
MAT,4,2015,XT,Charlotte,247.821038929078,1
MAT,4,2015,XU,Austin,246.141690671483,1
MAT,4,2015,XV,Cleveland,219.149849002484,1
MAT,4,2015,XW,District of Columbia (DCPS),232.214544823831,1
MAT,4,2015,XX,Clark County (NV),999,0
MAT,4,2015,XY,Denver,999,0
MAT,4,2015,XZ,Fort Worth (TX),999,0
MAT,4,2017,XN,New York City,229.21685203225,1
MAT,4,2017,XO,Hillsborough County (FL),244.637992941685,1
MAT,4,2017,XP,Philadelphia,214.326536306497,1
MAT,4,2017,XQ,Albuquerque,229.827309358845,1
MAT,4,2017,XR,Detroit,199.901360724896,1
MAT,4,2017,XS,Dallas,233.771531408061,1
MAT,4,2017,XT,Charlotte,243.874573052789,1
MAT,4,2017,XU,Austin,243.324488584298,1
MAT,4,2017,XV,Cleveland,214.365403904359,1
MAT,4,2017,XW,District of Columbia (DCPS),230.79799178181,1
MAT,4,2017,XX,Clark County (NV),230.15045159825,1
MAT,4,2017,XY,Denver,228.87433904049,1
MAT,4,2017,XZ,Fort Worth (TX),230.472523803332,1
MAT,4,2019,XN,New York City,230.818983508824,1
MAT,4,2019,XO,Hillsborough County (FL),242.229552495192,1
MAT,4,2019,XP,Philadelphia,217.147790215384,1
MAT,4,2019,XQ,Albuquerque,229.847758864345,1
MAT,4,2019,XR,Detroit,205.429170456918,1
MAT,4,2019,XS,Dallas,234.898143871934,1
MAT,4,2019,XT,Charlotte,246.214414371118,1
MAT,4,2019,XU,Austin,242.716885892288,1
MAT,4,2019,XV,Cleveland,217.700710566637,1
MAT,4,2019,XW,District of Columbia (DCPS),235.284584948994,1
MAT,4,2019,XX,Clark County (NV),234.503755779483,1
MAT,4,2019,XY,Denver,234.727009756616,1
MAT,4,2019,XZ,Fort Worth (TX),233.019917786396,1
MAT,4,2022,XN,New York City,221.920746368931,1
MAT,4,2022,XO,Hillsborough County (FL),240.940099379586,1
MAT,4,2022,XP,Philadelphia,209.031627046432,1
MAT,4,2022,XQ,Albuquerque,223.307124293069,1
MAT,4,2022,XR,Detroit,193.779047431654,1
MAT,4,2022,XS,Dallas,231.471806153108,1
MAT,4,2022,XT,Charlotte,233.507460271663,1
MAT,4,2022,XU,Austin,238.640970000312,1
MAT,4,2022,XV,Cleveland,202.828630755248,1
MAT,4,2022,XW,District of Columbia (DCPS),224.079241291638,1
MAT,4,2022,XX,Clark County (NV),225.273383106289,1
MAT,4,2022,XY,Denver,227.028320605781,1
MAT,4,2022,XZ,Fort Worth (TX),225.917330251771,1
MAT,4,2024,XN,New York City,230.06960392695,1
MAT,4,2024,XO,Hillsborough County (FL),239.885354830132,1
MAT,4,2024,XP,Philadelphia,216.356648709969,1
MAT,4,2024,XQ,Albuquerque,223.196600973552,1
MAT,4,2024,XR,Detroit,199.760753288185,1
MAT,4,2024,XS,Dallas,233.08140681268,1
MAT,4,2024,XT,Charlotte,240.13833500905,1
MAT,4,2024,XU,Austin,242.141913574724,1
MAT,4,2024,XV,Cleveland,206.330641537626,1
MAT,4,2024,XW,District of Columbia (DCPS),234.487863487987,1
MAT,4,2024,XX,Clark County (NV),230.924023975658,1
MAT,4,2024,XY,Denver,232.3797719398,1
MAT,4,2024,XZ,Fort Worth (TX),225.728919438292,1
MAT,8,2013,XA,Atlanta,266.838507043003,1
MAT,8,2013,XB,Boston,283.143159794464,1
MAT,8,2013,XC,Chicago,268.868718118435,1
MAT,8,2013,XD,San Diego,276.886168947783,1
MAT,8,2013,XE,Duval County (FL),999,0
MAT,8,2013,XF,Fresno,259.663204942757,1
MAT,8,2013,XG,Guilford County (NC),999,0
MAT,8,2013,XH,Houston,280.492411245313,1
MAT,8,2013,XI,Miami-Dade,273.791095723291,1
MAT,8,2013,XJ,Jefferson County (KY),273.459372037002,1
MAT,8,2013,XK,Milwaukee,257.251118439015,1
MAT,8,2013,XL,Los Angeles,264.306943330117,1
MAT,8,2013,XM,Baltimore City,259.779509887677,1
MAT,8,2015,XA,Atlanta,266.372002777081,1
MAT,8,2015,XB,Boston,281.145546549053,1
MAT,8,2015,XC,Chicago,274.879455971407,1
MAT,8,2015,XD,San Diego,280.402113764269,1
MAT,8,2015,XE,Duval County (FL),274.528181176993,1
MAT,8,2015,XF,Fresno,256.871311054627,1
MAT,8,2015,XG,Guilford County (NC),999,0
MAT,8,2015,XH,Houston,276.484872030522,1
MAT,8,2015,XI,Miami-Dade,274.498068091242,1
MAT,8,2015,XJ,Jefferson County (KY),271.586249064109,1
MAT,8,2015,XK,Milwaukee,999,0
MAT,8,2015,XL,Los Angeles,263.483577398268,1
MAT,8,2015,XM,Baltimore City,255.237371778523,1
MAT,8,2017,XA,Atlanta,264.865413353302,1
MAT,8,2017,XB,Boston,279.683553537754,1
MAT,8,2017,XC,Chicago,275.631569166009,1
MAT,8,2017,XD,San Diego,282.808434840426,1
MAT,8,2017,XE,Duval County (FL),275.496604922751,1
MAT,8,2017,XF,Fresno,254.618033027006,1
MAT,8,2017,XG,Guilford County (NC),276.480519206875,1
MAT,8,2017,XH,Houston,273.462671346943,1
MAT,8,2017,XI,Miami-Dade,273.598534393723,1
MAT,8,2017,XJ,Jefferson County (KY),270.838021973765,1
MAT,8,2017,XK,Milwaukee,254.24048961551,1
MAT,8,2017,XL,Los Angeles,266.816288290928,1
MAT,8,2017,XM,Baltimore City,255.492899999272,1
MAT,8,2019,XA,Atlanta,268.16548034328,1
MAT,8,2019,XB,Boston,278.774586363268,1
MAT,8,2019,XC,Chicago,275.264123861708,1
MAT,8,2019,XD,San Diego,282.611034129507,1
MAT,8,2019,XE,Duval County (FL),274.119821799665,1
MAT,8,2019,XF,Fresno,253.529125607701,1
MAT,8,2019,XG,Guilford County (NC),280.320333230812,1
MAT,8,2019,XH,Houston,274.065070023094,1
MAT,8,2019,XI,Miami-Dade,276.128277581857,1
MAT,8,2019,XJ,Jefferson County (KY),273.326880444098,1
MAT,8,2019,XK,Milwaukee,252.282736034666,1
MAT,8,2019,XL,Los Angeles,260.665979473403,1
MAT,8,2019,XM,Baltimore City,254.053147749066,1
MAT,8,2022,XA,Atlanta,262.623100903313,1
MAT,8,2022,XB,Boston,269.883998855166,1
MAT,8,2022,XC,Chicago,263.028552787497,1
MAT,8,2022,XD,San Diego,274.359016442694,1
MAT,8,2022,XE,Duval County (FL),269.201696194545,1
MAT,8,2022,XF,Fresno,999,0
MAT,8,2022,XG,Guilford County (NC),270.216594033323,1
MAT,8,2022,XH,Houston,264.672245551537,1
MAT,8,2022,XI,Miami-Dade,274.220504538167,1
MAT,8,2022,XJ,Jefferson County (KY),262.620234902328,1
MAT,8,2022,XK,Milwaukee,246.272662111877,1
MAT,8,2022,XL,Los Angeles,262.398250084099,1
MAT,8,2022,XM,Baltimore City,245.283397815118,1
MAT,8,2024,XA,Atlanta,256.261095910216,1
MAT,8,2024,XB,Boston,263.576845319221,1
MAT,8,2024,XC,Chicago,265.201542849598,1
MAT,8,2024,XD,San Diego,274.785600936398,1
MAT,8,2024,XE,Duval County (FL),261.055840536211,1
MAT,8,2024,XF,Fresno,999,0
MAT,8,2024,XG,Guilford County (NC),269.006870647669,1
MAT,8,2024,XH,Houston,264.297003362779,1
MAT,8,2024,XI,Miami-Dade,267.760675698427,1
MAT,8,2024,XJ,Jefferson County (KY),256.122594052406,1
MAT,8,2024,XK,Milwaukee,244.419583176557,1
MAT,8,2024,XL,Los Angeles,259.670588127803,1
MAT,8,2024,XM,Baltimore City,245.098920665655,1
MAT,8,2013,XN,New York City,273.622617583707,1
MAT,8,2013,XO,Hillsborough County (FL),283.710962148415,1
MAT,8,2013,XP,Philadelphia,266.463764597702,1
MAT,8,2013,XQ,Albuquerque,273.773099718688,1
MAT,8,2013,XR,Detroit,239.81675374961,1
MAT,8,2013,XS,Dallas,274.622938221366,1
MAT,8,2013,XT,Charlotte,289.035542615442,1
MAT,8,2013,XU,Austin,284.580292881198,1
MAT,8,2013,XV,Cleveland,252.730301970311,1
MAT,8,2013,XW,District of Columbia (DCPS),260.285359099771,1
MAT,8,2013,XX,Clark County (NV),999,0
MAT,8,2013,XY,Denver,999,0
MAT,8,2013,XZ,Fort Worth (TX),999,0
MAT,8,2015,XN,New York City,275.360670226896,1
MAT,8,2015,XO,Hillsborough County (FL),275.621329659557,1
MAT,8,2015,XP,Philadelphia,267.087772452591,1
MAT,8,2015,XQ,Albuquerque,270.724176666011,1
MAT,8,2015,XR,Detroit,244.155876437904,1
MAT,8,2015,XS,Dallas,270.871319683193,1
MAT,8,2015,XT,Charlotte,286.229627677824,1
MAT,8,2015,XU,Austin,283.993642775773,1
MAT,8,2015,XV,Cleveland,254.322818176326,1
MAT,8,2015,XW,District of Columbia (DCPS),258.366303946087,1
MAT,8,2015,XX,Clark County (NV),999,0
MAT,8,2015,XY,Denver,999,0
MAT,8,2015,XZ,Fort Worth (TX),999,0
MAT,8,2017,XN,New York City,274.844981257859,1
MAT,8,2017,XO,Hillsborough County (FL),277.262566576722,1
MAT,8,2017,XP,Philadelphia,260.255967666908,1
MAT,8,2017,XQ,Albuquerque,269.558045735864,1
MAT,8,2017,XR,Detroit,245.585831834624,1
MAT,8,2017,XS,Dallas,268.193711453791,1
MAT,8,2017,XT,Charlotte,287.391188054707,1
MAT,8,2017,XU,Austin,283.361359178428,1
MAT,8,2017,XV,Cleveland,257.216875535501,1
MAT,8,2017,XW,District of Columbia (DCPS),261.971381174002,1
MAT,8,2017,XX,Clark County (NV),272.167737523077,1
MAT,8,2017,XY,Denver,271.579196318781,1
MAT,8,2017,XZ,Fort Worth (TX),268.501421335579,1
MAT,8,2019,XN,New York City,272.944159686306,1
MAT,8,2019,XO,Hillsborough County (FL),276.363635869619,1
MAT,8,2019,XP,Philadelphia,256.431075810537,1
MAT,8,2019,XQ,Albuquerque,266.798771097128,1
MAT,8,2019,XR,Detroit,243.843083594965,1
MAT,8,2019,XS,Dallas,264.412206016744,1
MAT,8,2019,XT,Charlotte,288.137443424375,1
MAT,8,2019,XU,Austin,282.26878915021,1
MAT,8,2019,XV,Cleveland,253.143673092314,1
MAT,8,2019,XW,District of Columbia (DCPS),268.585481023406,1
MAT,8,2019,XX,Clark County (NV),271.608935101081,1
MAT,8,2019,XY,Denver,275.313830860471,1
MAT,8,2019,XZ,Fort Worth (TX),264.970583733311,1
MAT,8,2022,XN,New York City,268.898240321509,1
MAT,8,2022,XO,Hillsborough County (FL),269.308041534633,1
MAT,8,2022,XP,Philadelphia,252.347421186211,1
MAT,8,2022,XQ,Albuquerque,260.035714851376,1
MAT,8,2022,XR,Detroit,237.574373798344,1
MAT,8,2022,XS,Dallas,260.345821772032,1
MAT,8,2022,XT,Charlotte,277.618574063165,1
MAT,8,2022,XU,Austin,273.017945920898,1
MAT,8,2022,XV,Cleveland,244.717760326789,1
MAT,8,2022,XW,District of Columbia (DCPS),256.882146037188,1
MAT,8,2022,XX,Clark County (NV),266.768897281231,1
MAT,8,2022,XY,Denver,264.58276013167,1
MAT,8,2022,XZ,Fort Worth (TX),258.974439267295,1
MAT,8,2024,XN,New York City,267.059559292147,1
MAT,8,2024,XO,Hillsborough County (FL),266.566983812029,1
MAT,8,2024,XP,Philadelphia,252.203658300312,1
MAT,8,2024,XQ,Albuquerque,256.285526561125,1
MAT,8,2024,XR,Detroit,236.504150107548,1
MAT,8,2024,XS,Dallas,259.336808302336,1
MAT,8,2024,XT,Charlotte,275.170662718731,1
MAT,8,2024,XU,Austin,272.57056235475,1
MAT,8,2024,XV,Cleveland,241.71634940093,1
MAT,8,2024,XW,District of Columbia (DCPS),259.615234763744,1
MAT,8,2024,XX,Clark County (NV),261.706155295911,1
MAT,8,2024,XY,Denver,263.848582827493,1
MAT,8,2024,XZ,Fort Worth (TX),252.212704583684,1
RED,4,2013,XA,Atlanta,214.282865342426,1
RED,4,2013,XB,Boston,214.402762290981,1
RED,4,2013,XC,Chicago,206.153281232456,1
RED,4,2013,XD,San Diego,217.767128095333,1
RED,4,2013,XE,Duval County (FL),999,0
RED,4,2013,XF,Fresno,195.854427359594,1
RED,4,2013,XG,Guilford County (NC),999,0
RED,4,2013,XH,Houston,207.859233071408,1
RED,4,2013,XI,Miami-Dade,223.10569860317,1
RED,4,2013,XJ,Jefferson County (KY),220.939400261962,1
RED,4,2013,XK,Milwaukee,198.705249071146,1
RED,4,2013,XL,Los Angeles,204.847288587032,1
RED,4,2013,XM,Baltimore City,204.260676337356,1
RED,4,2015,XA,Atlanta,212.123485739389,1
RED,4,2015,XB,Boston,219.46444853879,1
RED,4,2015,XC,Chicago,213.040149984621,1
RED,4,2015,XD,San Diego,215.905733652096,1
RED,4,2015,XE,Duval County (FL),225.265559661578,1
RED,4,2015,XF,Fresno,198.948465659036,1
RED,4,2015,XG,Guilford County (NC),999,0
RED,4,2015,XH,Houston,209.550471783676,1
RED,4,2015,XI,Miami-Dade,226.412849751093,1
RED,4,2015,XJ,Jefferson County (KY),221.946718361331,1
RED,4,2015,XK,Milwaukee,999,0
RED,4,2015,XL,Los Angeles,204.430146140246,1
RED,4,2015,XM,Baltimore City,198.948832844042,1
RED,4,2017,XA,Atlanta,213.964382238719,1
RED,4,2017,XB,Boston,217.170333247865,1
RED,4,2017,XC,Chicago,211.256752083586,1
RED,4,2017,XD,San Diego,221.676379527751,1
RED,4,2017,XE,Duval County (FL),225.623568867164,1
RED,4,2017,XF,Fresno,202.945813658287,1
RED,4,2017,XG,Guilford County (NC),222.025488766955,1
RED,4,2017,XH,Houston,205.307197649916,1
RED,4,2017,XI,Miami-Dade,228.917160005009,1
RED,4,2017,XJ,Jefferson County (KY),220.878866580545,1
RED,4,2017,XK,Milwaukee,195.232833582794,1
RED,4,2017,XL,Los Angeles,207.484381825511,1
RED,4,2017,XM,Baltimore City,197.373434068246,1
RED,4,2019,XA,Atlanta,213.604091138638,1
RED,4,2019,XB,Boston,213.812741078293,1
RED,4,2019,XC,Chicago,208.451119256522,1
RED,4,2019,XD,San Diego,222.5664712248,1
RED,4,2019,XE,Duval County (FL),221.917207973747,1
RED,4,2019,XF,Fresno,204.12802031303,1
RED,4,2019,XG,Guilford County (NC),218.400854183433,1
RED,4,2019,XH,Houston,204.12744625719,1
RED,4,2019,XI,Miami-Dade,224.784954614351,1
RED,4,2019,XJ,Jefferson County (KY),213.702710356045,1
RED,4,2019,XK,Milwaukee,189.573508947927,1
RED,4,2019,XL,Los Angeles,204.913366450083,1
RED,4,2019,XM,Baltimore City,192.537981285471,1
RED,4,2022,XA,Atlanta,205.486944362623,1
RED,4,2022,XB,Boston,210.496013251196,1
RED,4,2022,XC,Chicago,205.197399460455,1
RED,4,2022,XD,San Diego,221.524093716502,1
RED,4,2022,XE,Duval County (FL),214.613158572403,1
RED,4,2022,XF,Fresno,999,0
RED,4,2022,XG,Guilford County (NC),211.33704161495,1
RED,4,2022,XH,Houston,202.537295156831,1
RED,4,2022,XI,Miami-Dade,224.466557120989,1
RED,4,2022,XJ,Jefferson County (KY),210.303601435723,1
RED,4,2022,XK,Milwaukee,187.498364021527,1
RED,4,2022,XL,Los Angeles,207.111490418189,1
RED,4,2022,XM,Baltimore City,184.624599917749,1
RED,4,2024,XA,Atlanta,212.405534276189,1
RED,4,2024,XB,Boston,213.585287736026,1
RED,4,2024,XC,Chicago,202.940495440165,1
RED,4,2024,XD,San Diego,223.376212558279,1
RED,4,2024,XE,Duval County (FL),211.064836098694,1
RED,4,2024,XF,Fresno,999,0
RED,4,2024,XG,Guilford County (NC),211.547691684116,1
RED,4,2024,XH,Houston,205.907237564458,1
RED,4,2024,XI,Miami-Dade,218.48765951306,1
RED,4,2024,XJ,Jefferson County (KY),209.242015476675,1
RED,4,2024,XK,Milwaukee,179.005810208273,1
RED,4,2024,XL,Los Angeles,206.475883940139,1
RED,4,2024,XM,Baltimore City,186.220462806873,1
RED,4,2013,XN,New York City,216.270018057478,1
RED,4,2013,XO,Hillsborough County (FL),227.840554293136,1
RED,4,2013,XP,Philadelphia,199.925024944805,1
RED,4,2013,XQ,Albuquerque,206.552212086225,1
RED,4,2013,XR,Detroit,189.708945549827,1
RED,4,2013,XS,Dallas,204.651506639614,1
RED,4,2013,XT,Charlotte,226.44263597519,1
RED,4,2013,XU,Austin,220.805254848104,1
RED,4,2013,XV,Cleveland,189.663886518131,1
RED,4,2013,XW,District of Columbia (DCPS),205.725721838738,1
RED,4,2013,XX,Clark County (NV),999,0
RED,4,2013,XY,Denver,999,0
RED,4,2013,XZ,Fort Worth (TX),999,0
RED,4,2015,XN,New York City,214.006802250725,1
RED,4,2015,XO,Hillsborough County (FL),229.645898541814,1
RED,4,2015,XP,Philadelphia,200.532220351164,1
RED,4,2015,XQ,Albuquerque,206.889531744678,1
RED,4,2015,XR,Detroit,186.431615250791,1
RED,4,2015,XS,Dallas,204.020628206772,1
RED,4,2015,XT,Charlotte,225.579082768602,1
RED,4,2015,XU,Austin,220.01642562429,1
RED,4,2015,XV,Cleveland,196.80513399331,1
RED,4,2015,XW,District of Columbia (DCPS),213.897758526025,1
RED,4,2015,XX,Clark County (NV),999,0
RED,4,2015,XY,Denver,999,0
RED,4,2015,XZ,Fort Worth (TX),999,0
RED,4,2017,XN,New York City,214.381807921035,1
RED,4,2017,XO,Hillsborough County (FL),227.228510311518,1
RED,4,2017,XP,Philadelphia,197.385053904582,1
RED,4,2017,XQ,Albuquerque,206.832082217861,1
RED,4,2017,XR,Detroit,181.524085128945,1
RED,4,2017,XS,Dallas,201.096129130729,1
RED,4,2017,XT,Charlotte,224.887880359168,1
RED,4,2017,XU,Austin,216.741267959118,1
RED,4,2017,XV,Cleveland,196.414819382126,1
RED,4,2017,XW,District of Columbia (DCPS),213.000075708522,1
RED,4,2017,XX,Clark County (NV),213.382816927602,1
RED,4,2017,XY,Denver,213.897713410323,1
RED,4,2017,XZ,Fort Worth (TX),205.892833646715,1
RED,4,2019,XN,New York City,212.025194667262,1
RED,4,2019,XO,Hillsborough County (FL),223.947223875933,1
RED,4,2019,XP,Philadelphia,196.893123072935,1
RED,4,2019,XQ,Albuquerque,207.527128004481,1
RED,4,2019,XR,Detroit,182.574147212783,1
RED,4,2019,XS,Dallas,202.711665192015,1
RED,4,2019,XT,Charlotte,224.581217371333,1
RED,4,2019,XU,Austin,216.558135687191,1
RED,4,2019,XV,Cleveland,196.026761494421,1
RED,4,2019,XW,District of Columbia (DCPS),214.472462684113,1
RED,4,2019,XX,Clark County (NV),216.274409228561,1
RED,4,2019,XY,Denver,216.875180285745,1
RED,4,2019,XZ,Fort Worth (TX),204.036764637157,1
RED,4,2022,XN,New York City,210.883799835917,1
RED,4,2022,XO,Hillsborough County (FL),226.45365284109,1
RED,4,2022,XP,Philadelphia,194.8933350005,1
RED,4,2022,XQ,Albuquerque,205.058736961061,1
RED,4,2022,XR,Detroit,176.470076997896,1
RED,4,2022,XS,Dallas,202.609829298351,1
RED,4,2022,XT,Charlotte,214.935593128088,1
RED,4,2022,XU,Austin,220.288418073995,1
RED,4,2022,XV,Cleveland,179.543246453956,1
RED,4,2022,XW,District of Columbia (DCPS),213.512216165683,1
RED,4,2022,XX,Clark County (NV),208.281135326025,1
RED,4,2022,XY,Denver,212.166256925248,1
RED,4,2022,XZ,Fort Worth (TX),200.465596214256,1
RED,4,2024,XN,New York City,209.131526643502,1
RED,4,2024,XO,Hillsborough County (FL),218.62169322117,1
RED,4,2024,XP,Philadelphia,194.525252823823,1
RED,4,2024,XQ,Albuquerque,200.847558807118,1
RED,4,2024,XR,Detroit,174.44572634066,1
RED,4,2024,XS,Dallas,201.999590912489,1
RED,4,2024,XT,Charlotte,213.534294766291,1
RED,4,2024,XU,Austin,214.323613225904,1
RED,4,2024,XV,Cleveland,183.583701228248,1
RED,4,2024,XW,District of Columbia (DCPS),215.736401656734,1
RED,4,2024,XX,Clark County (NV),209.901913161295,1
RED,4,2024,XY,Denver,215.636971167785,1
RED,4,2024,XZ,Fort Worth (TX),198.199710306537,1
RED,8,2013,XA,Atlanta,254.672321610433,1
RED,8,2013,XB,Boston,256.517217064958,1
RED,8,2013,XC,Chicago,253.499289866093,1
RED,8,2013,XD,San Diego,259.576624859218,1
RED,8,2013,XE,Duval County (FL),999,0
RED,8,2013,XF,Fresno,244.569187781654,1
RED,8,2013,XG,Guilford County (NC),999,0
RED,8,2013,XH,Houston,252.192858545582,1
RED,8,2013,XI,Miami-Dade,258.977233083655,1
RED,8,2013,XJ,Jefferson County (KY),260.61233770428,1
RED,8,2013,XK,Milwaukee,241.540259976516,1
RED,8,2013,XL,Los Angeles,249.803537980854,1
RED,8,2013,XM,Baltimore City,251.769500856842,1
RED,8,2015,XA,Atlanta,252.461299950029,1
RED,8,2015,XB,Boston,257.865051472963,1
RED,8,2015,XC,Chicago,256.596956668845,1
RED,8,2015,XD,San Diego,261.73710463399,1
RED,8,2015,XE,Duval County (FL),263.795515204189,1
RED,8,2015,XF,Fresno,241.840928594698,1
RED,8,2015,XG,Guilford County (NC),999,0
RED,8,2015,XH,Houston,251.633580463107,1
RED,8,2015,XI,Miami-Dade,264.61617081221,1
RED,8,2015,XJ,Jefferson County (KY),261.417440836039,1
RED,8,2015,XK,Milwaukee,999,0
RED,8,2015,XL,Los Angeles,250.904636618546,1
RED,8,2015,XM,Baltimore City,243.423694477702,1
RED,8,2017,XA,Atlanta,254.127703132417,1
RED,8,2017,XB,Boston,261.444437856007,1
RED,8,2017,XC,Chicago,258.880678144345,1
RED,8,2017,XD,San Diego,264.327049003877,1
RED,8,2017,XE,Duval County (FL),263.191667901992,1
RED,8,2017,XF,Fresno,244.035451149907,1
RED,8,2017,XG,Guilford County (NC),259.772320819297,1
RED,8,2017,XH,Houston,249.170618296039,1
RED,8,2017,XI,Miami-Dade,261.048667202014,1
RED,8,2017,XJ,Jefferson County (KY),260.574641842804,1
RED,8,2017,XK,Milwaukee,244.783576701495,1
RED,8,2017,XL,Los Angeles,254.29995682617,1
RED,8,2017,XM,Baltimore City,242.544562553844,1
RED,8,2019,XA,Atlanta,255.113581928486,1
RED,8,2019,XB,Boston,256.984262937659,1
RED,8,2019,XC,Chicago,252.855417986713,1
RED,8,2019,XD,San Diego,265.60433043169,1
RED,8,2019,XE,Duval County (FL),257.783094419013,1
RED,8,2019,XF,Fresno,242.257382875937,1
RED,8,2019,XG,Guilford County (NC),258.015527654098,1
RED,8,2019,XH,Houston,248.672521146535,1
RED,8,2019,XI,Miami-Dade,261.713793880783,1
RED,8,2019,XJ,Jefferson County (KY),257.783959994293,1
RED,8,2019,XK,Milwaukee,239.830295380384,1
RED,8,2019,XL,Los Angeles,247.883043798599,1
RED,8,2019,XM,Baltimore City,241.233651704019,1
RED,8,2022,XA,Atlanta,253.670673713331,1
RED,8,2022,XB,Boston,254.864116328902,1
RED,8,2022,XC,Chicago,251.440803398275,1
RED,8,2022,XD,San Diego,263.573754158038,1
RED,8,2022,XE,Duval County (FL),257.939227515185,1
RED,8,2022,XF,Fresno,999,0
RED,8,2022,XG,Guilford County (NC),251.941300277715,1
RED,8,2022,XH,Houston,246.680192536918,1
RED,8,2022,XI,Miami-Dade,262.074333141766,1
RED,8,2022,XJ,Jefferson County (KY),253.510214994636,1
RED,8,2022,XK,Milwaukee,239.051083849834,1
RED,8,2022,XL,Los Angeles,257.27769094107,1
RED,8,2022,XM,Baltimore City,240.811746190665,1
RED,8,2024,XA,Atlanta,251.635325383159,1
RED,8,2024,XB,Boston,249.121311862429,1
RED,8,2024,XC,Chicago,254.814671805368,1
RED,8,2024,XD,San Diego,263.334767891807,1
RED,8,2024,XE,Duval County (FL),248.263581360719,1
RED,8,2024,XF,Fresno,999,0
RED,8,2024,XG,Guilford County (NC),252.930376674699,1
RED,8,2024,XH,Houston,246.952070369118,1
RED,8,2024,XI,Miami-Dade,255.038411626411,1
RED,8,2024,XJ,Jefferson County (KY),250.266678997556,1
RED,8,2024,XK,Milwaukee,239.028853306168,1
RED,8,2024,XL,Los Angeles,248.714848472636,1
RED,8,2024,XM,Baltimore City,240.140210230427,1
RED,8,2013,XN,New York City,256.429815332416,1
RED,8,2013,XO,Hillsborough County (FL),267.120823705579,1
RED,8,2013,XP,Philadelphia,248.510134131489,1
RED,8,2013,XQ,Albuquerque,255.960442097688,1
RED,8,2013,XR,Detroit,239.296083520787,1
RED,8,2013,XS,Dallas,251.31694364267,1
RED,8,2013,XT,Charlotte,266.43244510401,1
RED,8,2013,XU,Austin,261.160845074946,1
RED,8,2013,XV,Cleveland,238.764897313246,1
RED,8,2013,XW,District of Columbia (DCPS),244.588396569211,1
RED,8,2013,XX,Clark County (NV),999,0
RED,8,2013,XY,Denver,999,0
RED,8,2013,XZ,Fort Worth (TX),999,0
RED,8,2015,XN,New York City,257.736034840744,1
RED,8,2015,XO,Hillsborough County (FL),261.026195565452,1
RED,8,2015,XP,Philadelphia,248.401539491499,1
RED,8,2015,XQ,Albuquerque,250.991700929452,1
RED,8,2015,XR,Detroit,237.278316793928,1
RED,8,2015,XS,Dallas,249.58938765732,1
RED,8,2015,XT,Charlotte,262.672188880416,1
RED,8,2015,XU,Austin,261.493357564867,1
RED,8,2015,XV,Cleveland,240.155417937362,1
RED,8,2015,XW,District of Columbia (DCPS),244.709351664392,1
RED,8,2015,XX,Clark County (NV),999,0
RED,8,2015,XY,Denver,999,0
RED,8,2015,XZ,Fort Worth (TX),999,0
RED,8,2017,XN,New York City,257.970672881103,1
RED,8,2017,XO,Hillsborough County (FL),264.652643658259,1
RED,8,2017,XP,Philadelphia,248.369025614635,1
RED,8,2017,XQ,Albuquerque,254.788829096713,1
RED,8,2017,XR,Detroit,235.104226182915,1
RED,8,2017,XS,Dallas,246.402797721473,1
RED,8,2017,XT,Charlotte,260.292876946748,1
RED,8,2017,XU,Austin,262.974676417492,1
RED,8,2017,XV,Cleveland,237.4252368232,1
RED,8,2017,XW,District of Columbia (DCPS),245.507787817809,1
RED,8,2017,XX,Clark County (NV),258.335371546946,1
RED,8,2017,XY,Denver,258.405661638827,1
RED,8,2017,XZ,Fort Worth (TX),248.223959445658,1
RED,8,2019,XN,New York City,254.413537475074,1
RED,8,2019,XO,Hillsborough County (FL),260.532906366013,1
RED,8,2019,XP,Philadelphia,242.871797810864,1
RED,8,2019,XQ,Albuquerque,248.997339159033,1
RED,8,2019,XR,Detroit,231.691849826881,1
RED,8,2019,XS,Dallas,241.782913430036,1
RED,8,2019,XT,Charlotte,261.48409453372,1
RED,8,2019,XU,Austin,257.356801693899,1
RED,8,2019,XV,Cleveland,242.166772008903,1
RED,8,2019,XW,District of Columbia (DCPS),250.905466495744,1
RED,8,2019,XX,Clark County (NV),255.973568685928,1
RED,8,2019,XY,Denver,256.671119915349,1
RED,8,2019,XZ,Fort Worth (TX),242.519298059449,1
RED,8,2022,XN,New York City,255.161479920559,1
RED,8,2022,XO,Hillsborough County (FL),258.640843133824,1
RED,8,2022,XP,Philadelphia,241.793253581863,1
RED,8,2022,XQ,Albuquerque,248.204388878342,1
RED,8,2022,XR,Detroit,227.090653354653,1
RED,8,2022,XS,Dallas,241.396493601012,1
RED,8,2022,XT,Charlotte,257.675715301488,1
RED,8,2022,XU,Austin,254.495502485766,1
RED,8,2022,XV,Cleveland,235.026562451235,1
RED,8,2022,XW,District of Columbia (DCPS),249.225390348709,1
RED,8,2022,XX,Clark County (NV),256.225419410082,1
RED,8,2022,XY,Denver,254.82689760652,1
RED,8,2022,XZ,Fort Worth (TX),241.968437548175,1
RED,8,2024,XN,New York City,254.109276769462,1
RED,8,2024,XO,Hillsborough County (FL),253.995598048956,1
RED,8,2024,XP,Philadelphia,241.718225369083,1
RED,8,2024,XQ,Albuquerque,243.874602256388,1
RED,8,2024,XR,Detroit,229.471654217224,1
RED,8,2024,XS,Dallas,244.167454147569,1
RED,8,2024,XT,Charlotte,253.59531974894,1
RED,8,2024,XU,Austin,253.33633205461,1
RED,8,2024,XV,Cleveland,231.406731349969,1
RED,8,2024,XW,District of Columbia (DCPS),251.748771955307,1
RED,8,2024,XX,Clark County (NV),249.97557301384,1
RED,8,2024,XY,Denver,257.576289673354,1
RED,8,2024,XZ,Fort Worth (TX),237.914516339065,1
