subject,grade,year,stat,group,value,displayable
MAT,4,2009,MN:MN,None,243.49544660937,1
MAT,4,2009,MN:MN,1-2 days,238.883966070803,1
MAT,4,2009,MN:MN,3-4 days,233.733897950697,1
MAT,4,2009,MN:MN,5-10 days,231.200288255349,1
MAT,4,2009,MN:MN,More than 10 days,215.163623530292,1
MAT,4,2011,MN:MN,None,244.352621885971,1
MAT,4,2011,MN:MN,1-2 days,240.416379410162,1
MAT,4,2011,MN:MN,3-4 days,235.069059026385,1
MAT,4,2011,MN:MN,5-10 days,232.211601608668,1
MAT,4,2011,MN:MN,More than 10 days,218.282815999358,1
MAT,4,2013,MN:MN,None,245.690069877134,1
MAT,4,2013,MN:MN,1-2 days,240.665305197813,1
MAT,4,2013,MN:MN,3-4 days,235.139884939494,1
MAT,4,2013,MN:MN,5-10 days,235.386202647767,1
MAT,4,2013,MN:MN,More than 10 days,218.37629513742,1
MAT,4,2015,MN:MN,None,245.184411065247,1
MAT,4,2015,MN:MN,1-2 days,239.567813031059,1
MAT,4,2015,MN:MN,3-4 days,233.140032402001,1
MAT,4,2015,MN:MN,5-10 days,231.289247236957,1
MAT,4,2015,MN:MN,More than 10 days,215.565604651749,1
MAT,4,2009,RP:RP,None,52.3709491429885,1
MAT,4,2009,RP:RP,1-2 days,29.2876457799491,1
MAT,4,2009,RP:RP,3-4 days,11.3245285632507,1
MAT,4,2009,RP:RP,5-10 days,4.53451925946749,1
MAT,4,2009,RP:RP,More than 10 days,2.48235725434428,1
MAT,4,2011,RP:RP,None,50.3616014890843,1
MAT,4,2011,RP:RP,1-2 days,30.1425804838261,1
MAT,4,2011,RP:RP,3-4 days,12.1771158303995,1
MAT,4,2011,RP:RP,5-10 days,4.8625441363,1
MAT,4,2011,RP:RP,More than 10 days,2.45615806039013,1
MAT,4,2013,RP:RP,None,50.1250993464043,1
MAT,4,2013,RP:RP,1-2 days,30.4213102934059,1
MAT,4,2013,RP:RP,3-4 days,11.8583711609968,1
MAT,4,2013,RP:RP,5-10 days,5.067860937218,1
MAT,4,2013,RP:RP,More than 10 days,2.52735826197505,1
MAT,4,2015,RP:RP,None,50.8550660377946,1
MAT,4,2015,RP:RP,1-2 days,29.8913408842467,1
MAT,4,2015,RP:RP,3-4 days,11.6986725488904,1
MAT,4,2015,RP:RP,5-10 days,4.83706429308014,1
MAT,4,2015,RP:RP,More than 10 days,2.71785623598824,1
MAT,4,2017,MN:MN,None,246.183872800567,1
MAT,4,2017,MN:MN,1-2 days,241.952690163075,1
MAT,4,2017,MN:MN,3-4 days,234.641317586338,1
MAT,4,2017,MN:MN,5-10 days,230.917325611051,1
MAT,4,2017,MN:MN,More than 10 days,211.919272862662,1
MAT,4,2019,MN:MN,None,247.527075320236,1
MAT,4,2019,MN:MN,1-2 days,241.158787598127,1
MAT,4,2019,MN:MN,3-4 days,233.708580368792,1
MAT,4,2019,MN:MN,5-10 days,229.480266467397,1
MAT,4,2019,MN:MN,More than 10 days,212.776270722345,1
MAT,4,2022,MN:MN,None,244.880056732858,1
MAT,4,2022,MN:MN,1-2 days,236.592049252945,1
MAT,4,2022,MN:MN,3-4 days,231.659118614334,1
MAT,4,2022,MN:MN,5-10 days,229.599481026012,1
MAT,4,2022,MN:MN,More than 10 days,216.857367534607,1
MAT,4,2024,MN:MN,None,246.009001599181,1
MAT,4,2024,MN:MN,1-2 days,238.995362343627,1
MAT,4,2024,MN:MN,3-4 days,232.18123279109,1
MAT,4,2024,MN:MN,5-10 days,227.122410470595,1
MAT,4,2024,MN:MN,More than 10 days,211.68640590627,1
MAT,4,2017,RP:RP,None,43.8688283654056,1
MAT,4,2017,RP:RP,1-2 days,31.844417612637,1
MAT,4,2017,RP:RP,3-4 days,13.4590109393286,1
MAT,4,2017,RP:RP,5-10 days,6.17951584452672,1
MAT,4,2017,RP:RP,More than 10 days,4.64822723810221,1
MAT,4,2019,RP:RP,None,43.5790346132665,1
MAT,4,2019,RP:RP,1-2 days,32.0744250901031,1
MAT,4,2019,RP:RP,3-4 days,13.710732387695,1
MAT,4,2019,RP:RP,5-10 days,6.34581223230388,1
MAT,4,2019,RP:RP,More than 10 days,4.2899956766315,1
MAT,4,2022,RP:RP,None,37.5396518941071,1
MAT,4,2022,RP:RP,1-2 days,27.4324911672061,1
MAT,4,2022,RP:RP,3-4 days,14.0334179675761,1
MAT,4,2022,RP:RP,5-10 days,11.3382736060198,1
MAT,4,2022,RP:RP,More than 10 days,9.65616536509092,1
MAT,4,2024,RP:RP,None,38.2023966002985,1
MAT,4,2024,RP:RP,1-2 days,31.3933894004917,1
MAT,4,2024,RP:RP,3-4 days,15.4887201075158,1
MAT,4,2024,RP:RP,5-10 days,8.93971183796424,1
MAT,4,2024,RP:RP,More than 10 days,5.97578205372972,1
MAT,8,2009,MN:MN,None,288.322501722723,1
MAT,8,2009,MN:MN,1-2 days,283.626605194088,1
MAT,8,2009,MN:MN,3-4 days,272.838776997313,1
MAT,8,2009,MN:MN,5-10 days,270.451234882065,1
MAT,8,2009,MN:MN,More than 10 days,252.597069732894,1
MAT,8,2011,MN:MN,None,289.206532880112,1
MAT,8,2011,MN:MN,1-2 days,284.821831431148,1
MAT,8,2011,MN:MN,3-4 days,273.398135014386,1
MAT,8,2011,MN:MN,5-10 days,269.827404099296,1
MAT,8,2011,MN:MN,More than 10 days,254.22700433868,1
MAT,8,2013,MN:MN,None,290.155184945253,1
MAT,8,2013,MN:MN,1-2 days,285.262731064403,1
MAT,8,2013,MN:MN,3-4 days,274.655540267657,1
MAT,8,2013,MN:MN,5-10 days,270.889003259532,1
MAT,8,2013,MN:MN,More than 10 days,253.704067829625,1
MAT,8,2015,MN:MN,None,288.303830334993,1
MAT,8,2015,MN:MN,1-2 days,282.640196819544,1
MAT,8,2015,MN:MN,3-4 days,271.72225252573,1
MAT,8,2015,MN:MN,5-10 days,265.735295064802,1
MAT,8,2015,MN:MN,More than 10 days,251.009053927432,1
MAT,8,2009,RP:RP,None,45.3921612145926,1
MAT,8,2009,RP:RP,1-2 days,34.9070906864654,1
MAT,8,2009,RP:RP,3-4 days,12.9211150291352,1
MAT,8,2009,RP:RP,5-10 days,4.80383497948025,1
MAT,8,2009,RP:RP,More than 10 days,1.97579809032654,1
MAT,8,2011,RP:RP,None,45.458146669683,1
MAT,8,2011,RP:RP,1-2 days,35.135720492977,1
MAT,8,2011,RP:RP,3-4 days,12.9599618349938,1
MAT,8,2011,RP:RP,5-10 days,4.60635557271417,1
MAT,8,2011,RP:RP,More than 10 days,1.83981542963195,1
MAT,8,2013,RP:RP,None,44.1554879905633,1
MAT,8,2013,RP:RP,1-2 days,36.2943917768359,1
MAT,8,2013,RP:RP,3-4 days,13.0971446757614,1
MAT,8,2013,RP:RP,5-10 days,4.80670698695288,1
MAT,8,2013,RP:RP,More than 10 days,1.64626856988654,1
MAT,8,2015,RP:RP,None,44.775900925066,1
MAT,8,2015,RP:RP,1-2 days,36.2917298189765,1
MAT,8,2015,RP:RP,3-4 days,12.5712586031936,1
MAT,8,2015,RP:RP,5-10 days,4.72052638740383,1
MAT,8,2015,RP:RP,More than 10 days,1.64058426536005,1
MAT,8,2017,MN:MN,None,289.285635366283,1
MAT,8,2017,MN:MN,1-2 days,284.001597780871,1
MAT,8,2017,MN:MN,3-4 days,273.541503461361,1
MAT,8,2017,MN:MN,5-10 days,267.590418883449,1
MAT,8,2017,MN:MN,More than 10 days,250.33197669354,1
MAT,8,2019,MN:MN,None,289.627849254412,1
MAT,8,2019,MN:MN,1-2 days,282.575492650111,1
MAT,8,2019,MN:MN,3-4 days,270.564323453907,1
MAT,8,2019,MN:MN,5-10 days,265.405530845685,1
MAT,8,2019,MN:MN,More than 10 days,245.706996207819,1
MAT,8,2022,MN:MN,None,283.133601764103,1
MAT,8,2022,MN:MN,1-2 days,276.239716702674,1
MAT,8,2022,MN:MN,3-4 days,265.805460536494,1
MAT,8,2022,MN:MN,5-10 days,264.206077440922,1
MAT,8,2022,MN:MN,More than 10 days,252.304184242374,1
MAT,8,2024,MN:MN,None,283.756751666839,1
MAT,8,2024,MN:MN,1-2 days,276.507811152597,1
MAT,8,2024,MN:MN,3-4 days,264.325018783086,1
MAT,8,2024,MN:MN,5-10 days,258.937428257604,1
MAT,8,2024,MN:MN,More than 10 days,241.475167485138,1
MAT,8,2017,RP:RP,None,40.3652142096279,1
MAT,8,2017,RP:RP,1-2 days,38.1122461929441,1
MAT,8,2017,RP:RP,3-4 days,14.2469337019671,1
MAT,8,2017,RP:RP,5-10 days,5.57841014264523,1
MAT,8,2017,RP:RP,More than 10 days,1.69719575281573,1
MAT,8,2019,RP:RP,None,41.0756268382313,1
MAT,8,2019,RP:RP,1-2 days,37.2989088491026,1
MAT,8,2019,RP:RP,3-4 days,14.1752291911347,1
MAT,8,2019,RP:RP,5-10 days,5.48382344220929,1
MAT,8,2019,RP:RP,More than 10 days,1.9664116793221,1
MAT,8,2022,RP:RP,None,34.3044617228644,1
MAT,8,2022,RP:RP,1-2 days,33.2417068576317,1
MAT,8,2022,RP:RP,3-4 days,16.2434871340389,1
MAT,8,2022,RP:RP,5-10 days,11.0122617934372,1
MAT,8,2022,RP:RP,More than 10 days,5.1980824920278,1
MAT,8,2024,RP:RP,None,33.3348037096756,1
MAT,8,2024,RP:RP,1-2 days,37.1726483571244,1
MAT,8,2024,RP:RP,3-4 days,17.9014031988844,1
MAT,8,2024,RP:RP,5-10 days,8.29202576574114,1
MAT,8,2024,RP:RP,More than 10 days,3.29911896857445,1
RED,4,2002,MN:MN,None,221.852389655422,1
RED,4,2002,MN:MN,1-2 days,218.503322113826,1
RED,4,2002,MN:MN,3-4 days,213.745514077673,1
RED,4,2002,MN:MN,5-10 days,212.726771196843,1
RED,4,2002,MN:MN,More than 10 days,189.824448787399,1
RED,4,2003,MN:MN,None,221.499346214171,1
RED,4,2003,MN:MN,1-2 days,217.832871239268,1
RED,4,2003,MN:MN,3-4 days,214.578833911247,1
RED,4,2003,MN:MN,5-10 days,215.762546652382,1
RED,4,2003,MN:MN,More than 10 days,194.58375836178,1
RED,4,2005,MN:MN,None,221.847623345755,1
RED,4,2005,MN:MN,1-2 days,219.218185301174,1
RED,4,2005,MN:MN,3-4 days,214.650144778382,1
RED,4,2005,MN:MN,5-10 days,214.443979729907,1
RED,4,2005,MN:MN,More than 10 days,193.763414425725,1
RED,4,2007,MN:MN,None,224.370809461871,1
RED,4,2007,MN:MN,1-2 days,221.293180405367,1
RED,4,2007,MN:MN,3-4 days,215.73940692377,1
RED,4,2007,MN:MN,5-10 days,214.017767303565,1
RED,4,2007,MN:MN,More than 10 days,195.031688647626,1
RED,4,2002,RP:RP,None,52.3476466066004,1
RED,4,2002,RP:RP,1-2 days,29.8719976558132,1
RED,4,2002,RP:RP,3-4 days,11.2923154190928,1
RED,4,2002,RP:RP,5-10 days,4.1800547250137,1
RED,4,2002,RP:RP,More than 10 days,2.30798559347982,1
RED,4,2003,RP:RP,None,48.6466960206249,1
RED,4,2003,RP:RP,1-2 days,29.6440297286616,1
RED,4,2003,RP:RP,3-4 days,13.2845014753306,1
RED,4,2003,RP:RP,5-10 days,5.75804783426508,1
RED,4,2003,RP:RP,More than 10 days,2.66672494111778,1
RED,4,2005,RP:RP,None,51.8239231193059,1
RED,4,2005,RP:RP,1-2 days,29.0158835107086,1
RED,4,2005,RP:RP,3-4 days,11.7966875813601,1
RED,4,2005,RP:RP,5-10 days,4.86224874392637,1
RED,4,2005,RP:RP,More than 10 days,2.50125704469899,1
RED,4,2007,RP:RP,None,50.7438185230094,1
RED,4,2007,RP:RP,1-2 days,29.7499779709127,1
RED,4,2007,RP:RP,3-4 days,12.1642715507442,1
RED,4,2007,RP:RP,5-10 days,4.84303686187407,1
RED,4,2007,RP:RP,More than 10 days,2.49889509345966,1
RED,4,2009,MN:MN,None,223.786962884377,1
RED,4,2009,MN:MN,1-2 days,221.306003893552,1
RED,4,2009,MN:MN,3-4 days,216.375421676126,1
RED,4,2009,MN:MN,5-10 days,214.005610701796,1
RED,4,2009,MN:MN,More than 10 days,192.987932133313,1
RED,4,2011,MN:MN,None,224.800764656767,1
RED,4,2011,MN:MN,1-2 days,221.140896774074,1
RED,4,2011,MN:MN,3-4 days,216.454753276268,1
RED,4,2011,MN:MN,5-10 days,214.686391437922,1
RED,4,2011,MN:MN,More than 10 days,192.659255350028,1
RED,4,2013,MN:MN,None,225.462359382365,1
RED,4,2013,MN:MN,1-2 days,221.66110460177,1
RED,4,2013,MN:MN,3-4 days,217.030756709693,1
RED,4,2013,MN:MN,5-10 days,215.600474723665,1
RED,4,2013,MN:MN,More than 10 days,193.132859123469,1
RED,4,2015,MN:MN,None,226.971749527149,1
RED,4,2015,MN:MN,1-2 days,222.331284968196,1
RED,4,2015,MN:MN,3-4 days,215.119734294724,1
RED,4,2015,MN:MN,5-10 days,213.922800590347,1
RED,4,2015,MN:MN,More than 10 days,192.494814138669,1
RED,4,2009,RP:RP,None,52.4834707845336,1
RED,4,2009,RP:RP,1-2 days,29.4770085303507,1
RED,4,2009,RP:RP,3-4 days,11.2718835583494,1
RED,4,2009,RP:RP,5-10 days,4.51123715062775,1
RED,4,2009,RP:RP,More than 10 days,2.25639997613856,1
RED,4,2011,RP:RP,None,50.6207722239316,1
RED,4,2011,RP:RP,1-2 days,29.8871594168779,1
RED,4,2011,RP:RP,3-4 days,12.2170625947434,1
RED,4,2011,RP:RP,5-10 days,4.79976320048639,1
RED,4,2011,RP:RP,More than 10 days,2.47524256396066,1
RED,4,2013,RP:RP,None,50.5309707675786,1
RED,4,2013,RP:RP,1-2 days,29.949507149036,1
RED,4,2013,RP:RP,3-4 days,12.020533420347,1
RED,4,2013,RP:RP,5-10 days,5.13839381265578,1
RED,4,2013,RP:RP,More than 10 days,2.36059485038255,1
RED,4,2015,RP:RP,None,51.9799073103147,1
RED,4,2015,RP:RP,1-2 days,29.2679181750447,1
RED,4,2015,RP:RP,3-4 days,11.3711296869724,1
RED,4,2015,RP:RP,5-10 days,4.7926494206876,1
RED,4,2015,RP:RP,More than 10 days,2.5883954069806,1
RED,4,2017,MN:MN,None,228.377732683787,1
RED,4,2017,MN:MN,1-2 days,224.976737725553,1
RED,4,2017,MN:MN,3-4 days,218.600121779705,1
RED,4,2017,MN:MN,5-10 days,210.05412609961,1
RED,4,2017,MN:MN,More than 10 days,183.157470610486,1
RED,4,2019,MN:MN,None,227.780812264704,1
RED,4,2019,MN:MN,1-2 days,222.267031704278,1
RED,4,2019,MN:MN,3-4 days,215.354324261682,1
RED,4,2019,MN:MN,5-10 days,207.816387156096,1
RED,4,2019,MN:MN,More than 10 days,185.106625874155,1
RED,4,2022,MN:MN,None,227.069894856806,1
RED,4,2022,MN:MN,1-2 days,220.657462165926,1
RED,4,2022,MN:MN,3-4 days,213.378755151228,1
RED,4,2022,MN:MN,5-10 days,209.305657541348,1
RED,4,2022,MN:MN,More than 10 days,192.993472232487,1
RED,4,2024,MN:MN,None,223.411293485732,1
RED,4,2024,MN:MN,1-2 days,219.062198663468,1
RED,4,2024,MN:MN,3-4 days,211.969382307501,1
RED,4,2024,MN:MN,5-10 days,202.76159808428,1
RED,4,2024,MN:MN,More than 10 days,182.196766586077,1
RED,4,2017,RP:RP,None,44.5448092868693,1
RED,4,2017,RP:RP,1-2 days,32.3863914950207,1
RED,4,2017,RP:RP,3-4 days,13.3321032615101,1
RED,4,2017,RP:RP,5-10 days,5.75884331304041,1
RED,4,2017,RP:RP,More than 10 days,3.97785264355951,1
RED,4,2019,RP:RP,None,43.7463521860648,1
RED,4,2019,RP:RP,1-2 days,31.7541475646992,1
RED,4,2019,RP:RP,3-4 days,13.4897734429987,1
RED,4,2019,RP:RP,5-10 days,6.53546008806232,1
RED,4,2019,RP:RP,More than 10 days,4.47426671817491,1
RED,4,2022,RP:RP,None,38.0228842375563,1
RED,4,2022,RP:RP,1-2 days,27.1465522454422,1
RED,4,2022,RP:RP,3-4 days,13.8041708572993,1
RED,4,2022,RP:RP,5-10 days,11.3882104203529,1
RED,4,2022,RP:RP,More than 10 days,9.63818223934921,1
RED,4,2024,RP:RP,None,37.6180771922262,1
RED,4,2024,RP:RP,1-2 days,31.5251633461754,1
RED,4,2024,RP:RP,3-4 days,15.5665537639748,1
RED,4,2024,RP:RP,5-10 days,8.82204125752488,1
RED,4,2024,RP:RP,More than 10 days,6.46816444009875,1
RED,8,2002,MN:MN,None,268.248220994323,1
RED,8,2002,MN:MN,1-2 days,267.315742219709,1
RED,8,2002,MN:MN,3-4 days,259.342872888225,1
RED,8,2002,MN:MN,5-10 days,255.986951273613,1
RED,8,2002,MN:MN,More than 10 days,236.897795344921,1
RED,8,2003,MN:MN,None,267.327829808977,1
RED,8,2003,MN:MN,1-2 days,264.979567606833,1
RED,8,2003,MN:MN,3-4 days,257.943423237262,1
RED,8,2003,MN:MN,5-10 days,254.332076015065,1
RED,8,2003,MN:MN,More than 10 days,233.244992706908,1
RED,8,2005,MN:MN,None,265.988012117494,1
RED,8,2005,MN:MN,1-2 days,263.933960938535,1
RED,8,2005,MN:MN,3-4 days,255.674633656453,1
RED,8,2005,MN:MN,5-10 days,252.351892462846,1
RED,8,2005,MN:MN,More than 10 days,232.413324836182,1
RED,8,2007,MN:MN,None,267.154286039217,1
RED,8,2007,MN:MN,1-2 days,264.256785145979,1
RED,8,2007,MN:MN,3-4 days,255.355064705545,1
RED,8,2007,MN:MN,5-10 days,251.134944907308,1
RED,8,2007,MN:MN,More than 10 days,232.010682801183,1
RED,8,2002,RP:RP,None,44.7433790253134,1
RED,8,2002,RP:RP,1-2 days,35.4782986094419,1
RED,8,2002,RP:RP,3-4 days,12.9290449659426,1
RED,8,2002,RP:RP,5-10 days,4.85048366971114,1
RED,8,2002,RP:RP,More than 10 days,1.99879372959092,1
RED,8,2003,RP:RP,None,43.7526666934375,1
RED,8,2003,RP:RP,1-2 days,34.6251234502466,1
RED,8,2003,RP:RP,3-4 days,13.9099192559498,1
RED,8,2003,RP:RP,5-10 days,5.55612809400585,1
RED,8,2003,RP:RP,More than 10 days,2.1561625063603,1
RED,8,2005,RP:RP,None,44.7048622388163,1
RED,8,2005,RP:RP,1-2 days,34.8300872804654,1
RED,8,2005,RP:RP,3-4 days,13.1029370128937,1
RED,8,2005,RP:RP,5-10 days,5.23094281998494,1
RED,8,2005,RP:RP,More than 10 days,2.13117064783964,1
RED,8,2007,RP:RP,None,45.2301474493628,1
RED,8,2007,RP:RP,1-2 days,34.8342902029199,1
RED,8,2007,RP:RP,3-4 days,12.8578293321163,1
RED,8,2007,RP:RP,5-10 days,4.96784660990516,1
RED,8,2007,RP:RP,More than 10 days,2.10988640569583,1
RED,8,2009,MN:MN,None,267.781803014085,1
RED,8,2009,MN:MN,1-2 days,265.364529914413,1
RED,8,2009,MN:MN,3-4 days,257.077654856038,1
RED,8,2009,MN:MN,5-10 days,253.763895555259,1
RED,8,2009,MN:MN,More than 10 days,232.140227467312,1
RED,8,2011,MN:MN,None,269.151687408951,1
RED,8,2011,MN:MN,1-2 days,266.391545055048,1
RED,8,2011,MN:MN,3-4 days,258.077248743872,1
RED,8,2011,MN:MN,5-10 days,252.607974813643,1
RED,8,2011,MN:MN,More than 10 days,235.132309130158,1
RED,8,2013,MN:MN,None,271.329393882018,1
RED,8,2013,MN:MN,1-2 days,268.528660769491,1
RED,8,2013,MN:MN,3-4 days,260.466896314647,1
RED,8,2013,MN:MN,5-10 days,257.685881733436,1
RED,8,2013,MN:MN,More than 10 days,242.283021254492,1
RED,8,2015,MN:MN,None,270.117790015366,1
RED,8,2015,MN:MN,1-2 days,266.145545663534,1
RED,8,2015,MN:MN,3-4 days,257.210890515616,1
RED,8,2015,MN:MN,5-10 days,251.059398962112,1
RED,8,2015,MN:MN,More than 10 days,235.513972962819,1
RED,8,2009,RP:RP,None,45.7841983756486,1
RED,8,2009,RP:RP,1-2 days,34.8267216523918,1
RED,8,2009,RP:RP,3-4 days,12.6425589552168,1
RED,8,2009,RP:RP,5-10 days,4.94642508341915,1
RED,8,2009,RP:RP,More than 10 days,1.80009593332364,1
RED,8,2011,RP:RP,None,45.4383553444865,1
RED,8,2011,RP:RP,1-2 days,35.3436575709894,1
RED,8,2011,RP:RP,3-4 days,12.9830702629553,1
RED,8,2011,RP:RP,5-10 days,4.64578981161656,1
RED,8,2011,RP:RP,More than 10 days,1.58912700995216,1
RED,8,2013,RP:RP,None,44.4371076839146,1
RED,8,2013,RP:RP,1-2 days,36.4977323530214,1
RED,8,2013,RP:RP,3-4 days,12.8809592608145,1
RED,8,2013,RP:RP,5-10 days,4.74202801141538,1
RED,8,2013,RP:RP,More than 10 days,1.44217269083409,1
RED,8,2015,RP:RP,None,45.3238329221303,1
RED,8,2015,RP:RP,1-2 days,36.3386136224195,1
RED,8,2015,RP:RP,3-4 days,12.4628367320146,1
RED,8,2015,RP:RP,5-10 days,4.43611398225953,1
RED,8,2015,RP:RP,More than 10 days,1.43860274117608,1
RED,8,2017,MN:MN,None,270.636688354965,1
RED,8,2017,MN:MN,1-2 days,267.946045418175,1
RED,8,2017,MN:MN,3-4 days,260.370916375895,1
RED,8,2017,MN:MN,5-10 days,255.781539689727,1
RED,8,2017,MN:MN,More than 10 days,236.41699811297,1
RED,8,2019,MN:MN,None,268.307011673943,1
RED,8,2019,MN:MN,1-2 days,264.255338641612,1
RED,8,2019,MN:MN,3-4 days,255.819543700622,1
RED,8,2019,MN:MN,5-10 days,248.968817169742,1
RED,8,2019,MN:MN,More than 10 days,226.401923585217,1
RED,8,2022,MN:MN,None,267.222278979238,1
RED,8,2022,MN:MN,1-2 days,262.211463729105,1
RED,8,2022,MN:MN,3-4 days,255.012660269079,1
RED,8,2022,MN:MN,5-10 days,252.083026864309,1
RED,8,2022,MN:MN,More than 10 days,239.952771122139,1
RED,8,2024,MN:MN,None,263.806661510908,1
RED,8,2024,MN:MN,1-2 days,260.970771394734,1
RED,8,2024,MN:MN,3-4 days,253.160754589263,1
RED,8,2024,MN:MN,5-10 days,247.131150762039,1
RED,8,2024,MN:MN,More than 10 days,227.82443437925,1
RED,8,2017,RP:RP,None,41.3562285131739,1
RED,8,2017,RP:RP,1-2 days,38.3452718726651,1
RED,8,2017,RP:RP,3-4 days,13.8581502312729,1
RED,8,2017,RP:RP,5-10 days,4.98269357586238,1
RED,8,2017,RP:RP,More than 10 days,1.45765580702567,1
RED,8,2019,RP:RP,None,41.3824868317667,1
RED,8,2019,RP:RP,1-2 days,37.913863833924,1
RED,8,2019,RP:RP,3-4 days,13.8011483637049,1
RED,8,2019,RP:RP,5-10 days,5.12738759921843,1
RED,8,2019,RP:RP,More than 10 days,1.775113371386,1
RED,8,2022,RP:RP,None,34.5807843356047,1
RED,8,2022,RP:RP,1-2 days,33.4639476251955,1
RED,8,2022,RP:RP,3-4 days,16.2532315621874,1
RED,8,2022,RP:RP,5-10 days,10.7442051669183,1
RED,8,2022,RP:RP,More than 10 days,4.95783131009404,1
RED,8,2024,RP:RP,None,33.0832677331396,1
RED,8,2024,RP:RP,1-2 days,37.4676054136796,1
RED,8,2024,RP:RP,3-4 days,18.4546195030854,1
RED,8,2024,RP:RP,5-10 days,8.01933533741968,1
RED,8,2024,RP:RP,More than 10 days,2.97517201267574,1
MAT,4,2003,MN:MN,None,238.42626379408,1
MAT,4,2003,MN:MN,1-2 days,234.23059128674,1
MAT,4,2003,MN:MN,3-4 days,230.581136066683,1
MAT,4,2003,MN:MN,5-10 days,231.968728307087,1
MAT,4,2003,MN:MN,More than 10 days,214.195784443416,1
MAT,4,2005,MN:MN,None,241.239460318063,1
MAT,4,2005,MN:MN,1-2 days,237.27523019141,1
MAT,4,2005,MN:MN,3-4 days,232.690757539323,1
MAT,4,2005,MN:MN,5-10 days,232.8107184462,1
MAT,4,2005,MN:MN,More than 10 days,215.240602172686,1
MAT,4,2007,MN:MN,None,243.655370769618,1
MAT,4,2007,MN:MN,1-2 days,238.905138806893,1
MAT,4,2007,MN:MN,3-4 days,233.782917120447,1
MAT,4,2007,MN:MN,5-10 days,232.705443114239,1
MAT,4,2007,MN:MN,More than 10 days,216.545848000162,1
MAT,4,2003,RP:RP,None,48.2659342258764,1
MAT,4,2003,RP:RP,1-2 days,29.8463440043512,1
MAT,4,2003,RP:RP,3-4 days,13.3038409914392,1
MAT,4,2003,RP:RP,5-10 days,5.69880015705358,1
MAT,4,2003,RP:RP,More than 10 days,2.88508062127953,1
MAT,4,2005,RP:RP,None,51.1347356923846,1
MAT,4,2005,RP:RP,1-2 days,29.5591347480791,1
MAT,4,2005,RP:RP,3-4 days,11.7192155024845,1
MAT,4,2005,RP:RP,5-10 days,4.94107242896157,1
MAT,4,2005,RP:RP,More than 10 days,2.64584162809032,1
MAT,4,2007,RP:RP,None,50.9351754933419,1
MAT,4,2007,RP:RP,1-2 days,29.8643275851567,1
MAT,4,2007,RP:RP,3-4 days,11.8733498759468,1
MAT,4,2007,RP:RP,5-10 days,4.77594113709139,1
MAT,4,2007,RP:RP,More than 10 days,2.55120590846323,1
MAT,8,2003,MN:MN,None,282.604409237477,1
MAT,8,2003,MN:MN,1-2 days,279.111972708566,1
MAT,8,2003,MN:MN,3-4 days,270.336495254442,1
MAT,8,2003,MN:MN,5-10 days,265.009865079775,1
MAT,8,2003,MN:MN,More than 10 days,248.447701723926,1
MAT,8,2005,MN:MN,None,284.406901466778,1
MAT,8,2005,MN:MN,1-2 days,279.912070625776,1
MAT,8,2005,MN:MN,3-4 days,269.538523905297,1
MAT,8,2005,MN:MN,5-10 days,265.2475847453,1
MAT,8,2005,MN:MN,More than 10 days,249.648585769296,1
MAT,8,2007,MN:MN,None,287.247595778414,1
MAT,8,2007,MN:MN,1-2 days,281.904096075339,1
MAT,8,2007,MN:MN,3-4 days,271.398215615615,1
MAT,8,2007,MN:MN,5-10 days,266.208509792089,1
MAT,8,2007,MN:MN,More than 10 days,251.378398760809,1
MAT,8,2003,RP:RP,None,43.8362122533632,1
MAT,8,2003,RP:RP,1-2 days,34.2218903311242,1
MAT,8,2003,RP:RP,3-4 days,13.8709520617543,1
MAT,8,2003,RP:RP,5-10 days,5.7455256223617,1
MAT,8,2003,RP:RP,More than 10 days,2.32541973139664,1
MAT,8,2005,RP:RP,None,44.5736078448185,1
MAT,8,2005,RP:RP,1-2 days,34.4814317327381,1
MAT,8,2005,RP:RP,3-4 days,13.1995121018537,1
MAT,8,2005,RP:RP,5-10 days,5.44876379558963,1
MAT,8,2005,RP:RP,More than 10 days,2.29668452500009,1
MAT,8,2007,RP:RP,None,45.5221782720906,1
MAT,8,2007,RP:RP,1-2 days,34.6126646833963,1
MAT,8,2007,RP:RP,3-4 days,12.7782915225166,1
MAT,8,2007,RP:RP,5-10 days,5.00705497662648,1
MAT,8,2007,RP:RP,More than 10 days,2.07981054536999,1
